"https://route4me.com", "ANY_PAGE_WITHOUT_SPECIFIC_SCHEMA.json"
"https://route4me.com/about", "about.json"
"https://route4me.com/academic", "academic.json"
"https://route4me.com/contact", "contact.json"
"https://route4me.com/environmental", "environmental.json"
"https://route4me.com", "homepage.json"
"https://route4me.com/integrations", "integrations.json"
"https://route4me.com/integrations/telematics", "integrations_telematics.json"
"https://route4me.com/leadership", "leadership.json"
"https://route4me.com/livechat", "livechat.json"
"https://route4me.com/platform/marketplace/mobile/commercial-route-planner-app/", "mobile_commercial-route-planner-app.json"
"https://route4me.com/mobile/route-planner-app", "mobile_route-planner-app.json"
"https://route4me.com/partner-program", "partner-program.json"
"https://route4me.com/platform/android-mobile-routing-app", "platform_android-mobile-routing-app.json"
"https://route4me.com/platform/business-analytics", "platform_business-analytics.json"
"https://route4me.com/platform/business-operations", "platform_business-operations.json"
"https://route4me.com/platform/marketplace/route-optimization/commercial-truck-routing-software/", "platform_commercial-truck-routing-software.json"
"https://route4me.com/platform/customer-experience", "platform_customer-experience.json"
"https://route4me.com/platform/dispatch-and-tracking-software", "platform_dispatch-and-tracking-software.json"
"https://route4me.com/platform/driver-efficiency", "platform_driver-efficiency.json"
"https://route4me.com/platform/integrations", "platform_integrations.json"
"https://route4me.com/platform/ios-mobile-routing-app", "platform_ios-mobile-routing-app.json"
"https://route4me.com/platform/marketplace", "platform_marketplace.json"
"https://route4me.com/platform/marketplace/data/advanced-data-export", "platform_marketplace_data_advanced-data-export.json"
"https://route4me.com/platform/marketplace/data/sftp-route-optimization", "platform_marketplace_data_sftp-route-optimization.json"
"https://route4me.com/platform/marketplace/e-commerce", "platform_marketplace_e-commerce.json"
"https://route4me.com/platform/marketplace/labs/advanced-reporting", "platform_marketplace_labs_advanced-reporting.json"
"https://route4me.com/platform/marketplace/labs/automated-route-simulations", "platform_marketplace_labs_automated-route-simulations.json"
"https://route4me.com/platform/marketplace/labs/autonomous-vehicle-dispatch", "platform_marketplace_labs_autonomous-vehicle-dispatch.json"
"https://route4me.com/platform/marketplace/labs/autonomous-vehicle-route-optimization", "platform_marketplace_labs_autonomous-vehicle-route-optimization.json"
"https://route4me.com/platform/marketplace/labs/autonomous-vehicle-scheduling", "platform_marketplace_labs_autonomous-vehicle-scheduling.json"
"https://route4me.com/platform/marketplace/labs/constraint-dynamic-service-times", "platform_marketplace_labs_constraint-dynamic-service-times.json"
"https://route4me.com/platform/marketplace/labs/constraint-multiple-depot", "platform_marketplace_labs_constraint-multiple-depot.json"
"https://route4me.com/platform/marketplace/labs/constraint-predictive-traffic-optimization", "platform_marketplace_labs_constraint-predictive-traffic-optimization.json"
"https://route4me.com/platform/marketplace/labs/constraint-route-balancing", "platform_marketplace_labs_constraint-route-balancing.json"
"https://route4me.com/platform/marketplace/labs/customer-portal", "platform_marketplace_labs_customer-portal.json"
"https://route4me.com/platform/marketplace/labs/dsd-direct-store-delivery", "platform_marketplace_labs_dsd-direct-store-delivery.json"
"https://route4me.com/platform/marketplace/labs/dynamic-directed-fueling-optimization", "platform_marketplace_labs_dynamic-directed-fueling-optimization.json"
"https://route4me.com/platform/marketplace/labs/dynamic-predictive-manifests", "platform_marketplace_labs_dynamic-predictive-manifests.json"
"https://route4me.com/platform/marketplace/labs/operational-analytics", "platform_marketplace_labs_operational-analytics.json"
"https://route4me.com/platform/marketplace/labs/operational-auditing", "platform_marketplace_labs_operational-auditing.json"
"https://route4me.com/platform/marketplace/labs/operational-fraud-analytics", "platform_marketplace_labs_operational-fraud-analytics.json"
"https://route4me.com/platform/marketplace/labs/operational-orchestration", "platform_marketplace_labs_operational-orchestration.json"
"https://route4me.com/platform/marketplace/labs/pick-and-pack-optimization", "platform_marketplace_labs_pick-and-pack-optimization.json"
"https://route4me.com/platform/marketplace/labs/real-time-inbound-logistics", "platform_marketplace_labs_real-time-inbound-logistics.json"
"https://route4me.com/platform/marketplace/labs/real-time-load-planning-optimization", "platform_marketplace_labs_real-time-load-planning-optimization.json"
"https://route4me.com/platform/marketplace/labs/road-network-optimization", "platform_marketplace_labs_road-network-optimization.json"
"https://route4me.com/platform/marketplace/labs/vendor-management", "platform_marketplace_labs_vendor-management.json"
"https://route4me.com/platform/marketplace/mobile/voice-navigation", "platform_marketplace_mobile_voice-navigation.json"
"https://route4me.com/platform/marketplace/notifications-and-alerts/email-notification-completed", "platform_marketplace_notifications-and-alerts_email-notification-completed.json"
"https://route4me.com/platform/marketplace/notifications-and-alerts/email-notification-scheduled", "platform_marketplace_notifications-and-alerts_email-notification-scheduled.json"
"https://route4me.com/platform/marketplace/notifications-and-alerts/email-notification-you-are-next", "platform_marketplace_notifications-and-alerts_email-notification-you-are-next.json"
"https://route4me.com/platform/marketplace/notifications-and-alerts/notification-completed", "platform_marketplace_notifications-and-alerts_notification-completed.json"
"https://route4me.com/platform/marketplace/notifications-and-alerts/notification-scheduled", "platform_marketplace_notifications-and-alerts_notification-scheduled.json"
"https://route4me.com/platform/marketplace/notifications-and-alerts/notification-you-are-next", "platform_marketplace_notifications-and-alerts_notification-you-are-next.json"
"https://route4me.com/platform/marketplace/operations/advanced-team-management", "platform_marketplace_operations_advanced-team-management.json"
"https://route4me.com/platform/marketplace/operations/assignment-board", "platform_marketplace_operations_assignment-board.json"
"https://route4me.com/platform/marketplace/operations/audit-logging-and-activity-stream", "platform_marketplace_operations_audit-logging-and-activity-stream.json"
"https://route4me.com/platform/marketplace/operations/custom-data", "platform_marketplace_operations_custom-data.json"
"https://route4me.com/platform/marketplace/operations/facilities", "platform_marketplace_operations_facilities.json"
"https://route4me.com/platform/marketplace/operations/field-service-marketing-sales-management", "platform_marketplace_operations_field-service-marketing-sales-management.json"
"https://route4me.com/platform/marketplace/operations/ultra-high-resolution-route-mapping", "platform_marketplace_operations_ultra-high-resolution-route-mapping.json"
"https://route4me.com/platform/marketplace/operations/workflows", "platform_marketplace_operations_workflows.json"
"https://route4me.com/platform/marketplace/pricing", "platform_marketplace_pricing.json"
"https://route4me.com/platform/marketplace/route-optimization/address-book-and-territories", "platform_marketplace_route-optimization_address-book-and-territories.json"
"https://route4me.com/platform/marketplace/route-optimization/commercial-routing-and-navigation", "platform_marketplace_route-optimization_commercial-routing-and-navigation.json"
"https://route4me.com/platform/marketplace/route-optimization/constraint-cube", "platform_marketplace_route-optimization_constraint-cube.json"
"https://route4me.com/platform/marketplace/route-optimization/constraint-driver-skills", "platform_marketplace_route-optimization_constraint-driver-skills.json"
"https://route4me.com/platform/marketplace/route-optimization/constraint-max-route-distance", "platform_marketplace_route-optimization_constraint-max-route-distance.json"
"https://route4me.com/platform/marketplace/route-optimization/constraint-max-stops-per-route", "platform_marketplace_route-optimization_constraint-max-stops-per-route.json"
"https://route4me.com/platform/marketplace/route-optimization/constraint-pieces-constraint", "platform_marketplace_route-optimization_constraint-pieces-constraint.json"
"https://route4me.com/platform/marketplace/route-optimization/constraint-priority", "platform_marketplace_route-optimization_constraint-priority.json"
"https://route4me.com/platform/marketplace/route-optimization/constraint-revenue-per-route", "platform_marketplace_route-optimization_constraint-revenue-per-route.json"
"https://route4me.com/platform/marketplace/route-optimization/constraint-time-windows", "platform_marketplace_route-optimization_constraint-time-windows.json"
"https://route4me.com/platform/marketplace/route-optimization/constraint-weight-constraint", "platform_marketplace_route-optimization_constraint-weight-constraint.json"
"https://route4me.com/platform/marketplace/route-optimization/curbside-delivery", "platform_marketplace_route-optimization_curbside-delivery.json"
"https://route4me.com/platform/marketplace/route-optimization/customers", "platform_marketplace_route-optimization_customers.json"
"https://route4me.com/platform/marketplace/route-optimization/driver-breaks-insertion", "platform_marketplace_route-optimization_driver-breaks-insertion.json"
"https://route4me.com/platform/marketplace/route-optimization/mixed-vehicles-fleet", "platform_marketplace_route-optimization_mixed-vehicles-fleet.json"
"https://route4me.com/platform/marketplace/route-optimization/pickup-dropoff-routing", "platform_marketplace_route-optimization_pickup-dropoff-routing.json"
"https://route4me.com/platform/marketplace/route-optimization/recurring-route-optimization", "platform_marketplace_route-optimization_recurring-route-optimization.json"
"https://route4me.com/platform/marketplace/route-optimization/route-management", "platform_marketplace_route-optimization_route-management .json"
"https://route4me.com/platform/marketplace/route-optimization/smartzone-routing", "platform_marketplace_route-optimization_smartzone-routing.json"
"https://route4me.com/platform/marketplace/route-optimization/stops-bundling", "platform_marketplace_route-optimization_stops-bundling.json"
"https://route4me.com/platform/marketplace/telematics/dynamic-geofencing", "platform_marketplace_telematics_dynamic-geofencing.json"
"https://route4me.com/platform/mobile-routing-apps", "platform_mobile-routing-apps.json"
"https://route4me.com/premium-support", "platform_premium-support.json"
"https://route4me.com/platform/professional-services", "platform_professional-services.json"
"https://route4me.com/platform/route-optimization-software", "platform_route-optimization-software.json"
"https://route4me.com/platform/route-planning-software", "platform_route-planning-software.json"
"https://route4me.com/platform/zebra-mobile-routing-app", "platform_zebra-mobile-routing-app.json"
"https://route4me.com/press", "press.json"
"https://route4me.com/route-optimization-roi", "route-optimization-roi.json"
"https://route4me.com/solutions/big-and-bulky-delivery-route-optimization", "solutions_big-and-bulky-delivery-route-optimization.json"
"https://route4me.com/solutions/business-services-route-optimization-software", "solutions_business-services-route-optimization-software.json"
"https://route4me.com/solutions/deploy-now", "solutions_deploy-now.json"
"https://route4me.com/solutions/facility-and-property-services-routing-software", "solutions_facility-and-property-services-routing-software.json"
"https://route4me.com/solutions/food-and-beverage-routing-software", "solutions_food-and-beverage-routing-software.json"
"https://route4me.com/solutions/franchise-route-optimization-software", "solutions_franchise-route-optimization-software.json"
"https://route4me.com/solutions/government-services-route-optimization-software", "solutions_government-services-route-optimization-software.json"
"https://route4me.com/solutions/grow-your-business", "solutions_grow-your-business.json"
"https://route4me.com/solutions/improve-service", "solutions_improve-service.json"
"https://route4me.com/solutions/increase-efficiency", "solutions_increase-efficiency.json"
"https://route4me.com/solutions/oil-and-gas-route-optimization", "solutions_oil-and-gas-route-optimization.json"
"https://route4me.com/solutions/parcel-delivery-and-courier-routing", "solutions_parcel-delivery-and-courier-routing.json"
"https://route4me.com/solutions/rx-delivery-and-healthcare-services-route-optimization", "solutions_rx-delivery-and-healthcare-services-route-optimization.json"
"https://route4me.com/solutions/utilities-services-route-optimization", "solutions_utilities-services-route-optimization.json"
"https://route4me.com/solutions/waste-management-route-planning-software", "solutions_waste-management-route-planning-software.json"
"https://route4me.com/values", "values.json"
